company,position,companyLocation,employeePosition,employeeDepartment,title,score,createdAt,positive,negative,suggestion,atmosphere,image,workLife,career,salary,environment,teamwork,oldColleagues,leadership,workConditions,communication,equality,tasks
"deutschebahn","student","München, Bayern","student","","Sehr kompetenter Arbeitgeber mit tollen Möglichkeiten als Werkstudent Berufserfahrung zu sammeln",4.7,"2023-01-05T00:00:00+00:00","Bemüht sich wirklich sehr sich in allen Bereichen wohlzufühlen und ermöglicht den Mitarbeitern viele Wege anzupacken","Das Image muss langfristig deutlich besser werden","Weiter daran arbeiten ein positives Image in DE zu kreieren","","","","","","","","","","","","",""
"deutschebahn","student","Eschborn, Hessen","student","","War ganz ok, aber viel Verbesserungsbedarf notwendig.",2.3,"2022-11-09T00:00:00+00:00","","Die Punkte wo oben zur Verbesserung kritisiert wurde.","Das ganze Modell in der DB ist unverständlich bzgl. Gehalt. Wenig Urlaubstage könnten mehr sein. Und nicht überlegen einem Werkstudenten Urlaub zu verweigern damit man in Vertretung für Festangestellte arbeitet.<br/>Bei der Einarbeitung mehr Zeit investieren.","","","Überwiegend Homeoffice deswegen schon gut flexibel","","","","","","","","War nicht so gut, hätte offener und besser funktionieren können. Mir wurde vieles nicht mitgeteilt und ich habe wichtige Veranstaltung verpasst","",""
"deutschebahn","student","Berlin, Land Berlin","student","operations","Guter Abgr mit viel Perspektive, dem ein geringer Wille für Veränderung und lange Entscheidungswegen im Weg stehen.",4.2,"2022-10-07T00:00:00+00:00","","","","","","","","","","In meiner Abteilung. Übergreifend auch keinen guten Zusammenhalt erlebt.","","Mein VG war sehr kompetent transparent und fördernd.","","","",""
"deutschebahn","student","München, Bayern","student","administration","Nicht so guter AG",2.9,"2022-04-20T00:00:00+00:00","","","","Angespannte Situationen kommen öfter im Büro vor, da die RBL sehr streng zu Ihren Mitarbeitern ist.","DB Konzern ist als AG top, es liegt an dem Stabdort.","Urlaub muss immer mit anderen Kollegen abgesprochen werden, alte Kollegen haben vorrang","Möglichkeiten gibt es.","Geringer Gehalt, wird unterbezahlt","","Lästereien hinter den Kollegen","Neulingen wird die Chance gegeben, allerdings ist ein interner Wechsel nicht gern angesehen. Es werden steine in den Weg gesetzt","Sehr autoritär, angst was zu sagen","Bürolichkeit ist gut","Angst etwas zu sagen","Gibt es nicht.","Teilweise wird nur rumgesitzt, hauptsache das Büro ist den ganzen Tag belegt."
"deutschebahn","student","Berlin, Land Berlin","student","administration","Sehr angenehme Arbeitsatmosphäre in modernen Büros und diversen Teams.",4.6,"2022-03-16T00:00:00+00:00","International angesehen, viele Möglichkeiten zur Weiterorientierung durch den großen Konzern.","","","","","Studium, Arbeit und Freizeit waren sehr flexibel möglich. Es gibt immer die Möglichkeit aufgrund von Ereignissen oder wichtigen Terminen seine Arbeitszeit zu verschieben oder flexibel umzulegen.","","","","Sehr großes Verständnis für Krankheitsausfälle, kollegiale Treffen auch außerhalb der Arbeitszeit und ein sehr angenehmes Umfeld.","","","","Meistens konkrete Aufgaben, jedoch immer wieder Abstimmungs- oder Orientierungsschwierigkeiten, welche aufgrund der Größe des Unternehmens entstehen können.","",""
"deutschebahn","student","Frankfurt am Main, Hessen","student","","Sehr erfolgreich",4.2,"2021-12-10T00:00:00+00:00","Jobticket und Gehalt","Nichts","Mehr kommunizieren und arbeiten mehr verteilen . Nicht alles selber machen","","","","","","","","","","","","",""
"deutschebahn","student","Mainz, Rheinland-Pfalz","student","","Mein Praktikum hat meine Erwartungen übertroffen. Ich habe mich enorm entwickelt und viel Neues dazu gelernt",3.9,"2021-12-10T00:00:00+00:00","Standort, Büro, viele Entwicklungsmöglichkeiten","Nichts","Ich würde noch besser kommunizieren und offener sein","","","","","","","","","","","","",""
"deutschebahn","student","Karlsruhe, Baden-Württemberg","student","","super",4.6,"2021-12-07T00:00:00+00:00","Freundlichkeit","Distanz halten","","","","","","","","","","","","","",""
"deutschebahn","student","Frankfurt am Main, Brandenburg","student","","Eine schöne und gute Erfahrung gewesen. Allerdings ging es mir in dieser Zeit finanziell nicht gut",3.9,"2021-12-07T00:00:00+00:00","keine Überstunden werden verlangt und eine ausgewogene Work-Life Balance","Bazahlung von Praktikanten","Versuchen zu verstehen wieso manche Mitarbeiter eine soziale Hemmung haben und versuchen ihm diese ein Stück weit zu nehmen","","","","","","","","","","","","",""
"deutschebahn","student","Frankfurt am Main, Hessen","student","","Insgesamt fand ich die Werkstudententätigkeit sehr gut.",3.8,"2021-12-06T00:00:00+00:00","-Homeoffice -Viele Entwicklungsmöglichkeiten im Unternehmen (Konzern)","Onboarding könnte besser sein","","","","","","","","","","","","","",""
"deutschebahn","student","Hannover, Niedersachsen","student","","An sich ein guter Nebenverdienst, jedoch ist es den Stress nicht wert.",2.4,"2021-12-06T00:00:00+00:00","Sicherheit, Gehalt, Ausstattung","Hierarchie, kein gutes Miteinander","Mehr Anerkennung und Wertschätzung","","","","","","","","","","","","",""
"deutschebahn","student","Berlin, Land Berlin","student","","Abwechslungsreiche Aufgaben in denen ich viel gelernt habe",4,"2021-12-06T00:00:00+00:00","Weiterbidlungsmöglichkeiten","Lange Entscheidungswege","","","","","","","","","","","","","",""
"deutschebahn","student","Leipzig, Sachsen","student","","ungeahnte Entwicklungsmöglichkeiten während des Einsatzes, viele neue spannende Perspektiven und Aufgaben",4.5,"2021-12-05T00:00:00+00:00","Werte sichtbar nach innen und außen transportiert, umfangreiche Sozialleistungen, sicherer Job auch in Krisenzeiten","manchmal etwas zu starre Strukturen im Konzern","Ich würde nicht viel anders machen.","","","","","","","","","","","","",""
"deutschebahn","student","Frankfurt am Main, Hessen","student","","Sehr angenehm",4,"2021-12-05T00:00:00+00:00","Flexibilität","Hierarchie","","","","","","","","","","","","","",""
"deutschebahn","student","München, Bayern","student","","Eine sehr gute Führungskraft, Flexibilität sowie ein hohes Maß an Wissensgewinn",4.2,"2021-12-05T00:00:00+00:00","Den Beitrag den er für die Gesellschaft leistet.","Die fest eingefahrenen Strukturen an manchen Stellen.","","","","","","","","","","","","","",""
"deutschebahn","student","Frankfurt am Main, Brandenburg","student","","Eine sehr gute Werkstudententätigkeit, um Erfahrungen im Bau- und Projektmanagment zu sammeln.",4.1,"2021-12-05T00:00:00+00:00","Die gesellschaftliche Bedeutung","Das große Unternehmen mit langen Kommunikations- und Prüfungswegen","Auch unter eigenem Termindruck versuchen erreichbar zu sein","","","","","","","","","","","","",""
"deutschebahn","student","Frankfurt am Main, Hessen","student","","Gute Werkstudententätigkeit,selbstbestimmtes arbeiten, Einblick in verschiedene Unternehmensbereiche",4.1,"2021-12-04T00:00:00+00:00","Zukunftsfähigkeit, sinnvolles Umsetzen zu können","Starres Konstrukt","","","","","","","","","","","","","",""
"deutschebahn","student","Fulda, Hessen","student","","Bin mit der Werkdtudentenstelle zufrieden",4,"2021-12-04T00:00:00+00:00","Offen, probleme werden ernst genommen und schnell gelöst","Nichts","","","","","","","","","","","","","",""
"deutschebahn","student","Dresden, Sachsen","student","","Gut",3.6,"2021-12-04T00:00:00+00:00","Kollegen","Motivation","","","","","","","","","","","","","",""
"deutschebahn","student","Frankfurt am Main, Hessen","student","","War eine sehr tolle Zeit, die Arbeit hat Spaß gemacht und ich hatte super nette Teamkollegen.",4.5,"2021-12-01T00:00:00+00:00","Work-Life Balance, Gehalt, viele Mitarbeitervorteile, tolle Arbeitsatmosphäre","Mittlere und obere Management lebt in der eigenen Filterbubble und hat keine Ahnung was im operativen Geschäft vor sich geht","","","","","","","","","","","","","",""
"deutschebahn","student","Hannover, Niedersachsen","student","other","Gutes Geld bei starren Strukturen",4.3,"2021-11-25T00:00:00+00:00","Gutes Geld. Nette Kollegen. Viel Verantwortung","Komplexität. Schwache Einarbeitung","Strukturiertere Einarbeitung und einfach verständliche Zuständigkeiten oder zumindest einen Mentor zur Seite stellen.","Freundliche Kollegen und überraschend junges Team.","","Nix zu beanstanden. Flexible Arbeitszeit, Wahlmodelle und Co.","","","","In meiner Abteilung top","","","","Die Kommunikation ist zwar freundlich, aber auch sehr komplex, da niemand weiß, wer wofür zuständig ist.","","Viel Verantwortung und kein stupides Akten ablegen"
"deutschebahn","student","Karlsruhe, Baden-Württemberg","student","controlling","Fairer Arbeitgeber, der seine Mitarbeiter gut bezahlt und gut behandelt. Man wird gut in die Gemeinschaft aufgenommen.",4.8,"2021-07-23T00:00:00+00:00","Die offene Art, die im Unternehmen gelebt wird.","Die zum Teil langsamen Veränderungsprozesse","Noch mehr digitalisieren.","","","","","","","","","","","","",""
"deutschebahn","student","Essen, Nordrhein-Westfalen","student","recruiting","Tolle Kollegen*innen, gute Arbeitsatmosphäre und aufregende Projekte",4.3,"2020-11-14T00:00:00+00:00","","","","","","","","Im Vergleich zu anderen Unternehmen bezahlt die DB KT überdurchschnittlich gut","","","","","Home-Office auch als Werkstudent*in - durch Covid-19","","",""
"deutschebahn","student","Frankfurt am Main, Hessen","student","recruiting","Abwechslungsreich, lehrreich",4.6,"2020-11-11T00:00:00+00:00","Offenheit, abwechslungsreich","Nichts","Nichts","","","","","","","","","","","","",""
"deutschebahn","student","Stuttgart, Baden-Württemberg","student","other","Projektmanagement für Planfeststellungsabschnitt Stuttgart 21",4.5,"2020-10-15T00:00:00+00:00","Gemischte Teams - Geschlechter, Alter und Kulturen<br/>Weiterbildungsmöglichkeiten<br/>Jobsicherheit","teilweise viele Überstunden","","Firma ist sehr bemüht, dass es für alle angenehm ist","Mitarbeiter sind zufrieden/stolz, in der Branche auch gut. Allerdings wirken sich die teils unzuverlässigen Zugfahrten/-verbindungen etwas negativ auf die DB PSU als DB-Unternehmen aus","Teilweise zu viel Arbeit zu erledigen, daher nicht ganz optimal","Sehr viele und gute Weiterbildungsmöglichkeiten - sowohl innerhalb, als auch extern<br/>Karriere ist durch Bewerbung auf andere Stellen gut möglich. Wechsel intern ist unkompliziert.","Gutes Gehalt und viele Zusatzleistungen möglich","Jobticket, E-Bike-Förderung, Vergünstigungen etc. um alles bewusster gestalten zu können","Sehr guter Zusammenhalt während und neben der Arbeit","Wird oft auf deren Erfahrungswerte zurückgegriffen. Selbst bei jungen Teams sehr gute Zusammenarbeit","Flache Hierarchie, angenehmes Verhalten untereinander. Meist werden realistische Ziele ausgegeben und nachvollziehbare Entscheidungen getroffen.","Gute Ausstattung, aktuelle Geräte, gut ausgestattete Räume, einfacher Materialnachschub","Kommunikation innerhalb des Unternehmens über viele Kanäle gut möglich","Sehr offen, keine Vorurteile, keine Ab-/Ausgrenzung","Sehr breites Aufgabenfeld mit interessanten Themenfeldern. Oft angenehm anspruchsvoll und fachübergreifend"
"deutschebahn","student","Berlin, Land Berlin","student","logistic","Mein Praktikum ist noch besser als erwartet. Ich habe viele interessante Aufgaben zu erfüllen.",4.5,"2020-10-14T00:00:00+00:00","Vertrauen in meine Person","Nichts","Nichts","","","","","","","","","","","","",""
"deutschebahn","student","Hamburg, Hamburg","student","other","Super",4.5,"2020-09-26T00:00:00+00:00","Flexibilität, Vertrauen, Miteinander der Kollegen","unnötige Bürokratie","entfällt","","","","","","","","","","","","",""
"deutschebahn","student","Berlin, Land Berlin","student","recruiting","sehr gut, was ich bisher gesehen/gelernt/gearbeitet hab",4.7,"2020-09-18T00:00:00+00:00","Übertarifliche Leistungen, Spannendes Arbeitsumfeld","verschachtelte Strukturen teilweise, die es schwer machen einen Überblick zu erhalten","mehr Kommunikation","","","","","","","","","","","","",""
"deutschebahn","student","Warstein, Nordrhein-Westfalen","student","other","Sehr gut: 4,5 von 5 Sternen",4.5,"2020-09-18T00:00:00+00:00","Digitalisierung","","Empathischer","","","","","","","","","","","","",""
"deutschebahn","student","Berlin, Land Berlin","student","other","lehrreiches Praktikum; selbständige Arbeit; vollständiges Teil des Teams",4.3,"2020-09-16T00:00:00+00:00","hohes Maß an Autonomie","nichts","nichts","","","","","","","","","","","","",""
"deutschebahn","student","Berlin, Land Berlin","student","recruiting","Ich kann viel Verantwortung in meiner Werkstuditätigkeit übernehmen und erfahre Wertschätzung von meinen Kolleg*innen",3.8,"2020-09-16T00:00:00+00:00","Ökologisches Bewusstsein","","Werkstudent*innen und Praktikant*innen mehr mit einbinden","","","","","","","","","","","","",""
"deutschebahn","student","Frankfurt am Main, Hessen","student","other","Sehr gut: 4.5 von 5 Sternen",4.5,"2020-09-16T00:00:00+00:00","Die Einsicht in viele Aufgaben- und Themengebiete. Alle Kollegen sind offen und zeigen die Arbeitsweisen und Beteiligungen im Projekt","Sehr stark vorgegebene Prozesse (welche jedoch ihre Berechtigung besitzen)","Aufgaben strukturierter angehen und die Verwendung digitaler Werkzeuge stärken","","","","","","","","","","","","",""
"deutschebahn","student","Berlin, Land Berlin","student","controlling","Guter Einblick ins Projektmanagement.Meine Kenntnisse aus Studium und Berufserfahrung werden kaum eingesetzt.",3.1,"2020-09-16T00:00:00+00:00","Nette Kollegen, Angenehmes Büro","Meinen zugeteilten Mentor ohne Soft Skills, zu viele Anträge für Kleinigkeiten wie Internetzugang, Ordnerzugänge","Nichts","","","","","","","","","","","","",""
"deutschebahn","student","Frankfurt am Main, Hessen","student","product","Mehr als zufrieden!",4.5,"2020-09-16T00:00:00+00:00","Einstellung zur Umwelt, angemessene Bezahlung, faire Arbeitszeiten, interessantes Aufgabengebiet/Tätigkeitsgebiet","Konzernstrukturen, die manches verlangsamen und kompliziert machen","Mehr Entwicklungsmöglichkeiten/Fortbildungen für Werkstudenten","","","","","","","","","","","","",""
"deutschebahn","student","Coburg, Bayern","student","it","Gut",3.7,"2020-09-15T00:00:00+00:00","Flexibilität","Kommunikation","Nichts","","","","","","","","","","","","",""
"deutschebahn","student","Brandenburg an der Havel, Brandenburg","student","design","done very well, learned alot new stuff. real nce working environment",4.3,"2020-09-15T00:00:00+00:00","my employer moves the country day to day","may be a bit late to arrive at platform","I'm content with his work philosophy","","","","","","","","","","","","",""
"deutschebahn","student","Duisburg, Nordrhein-Westfalen","student","recruiting","Wichtig,sich proaktiv um Termine zu kümmern&direkt mit Kollegen und Vorgesetzten kommunizieren&Erwartungen abzustimmen.",3.9,"2020-09-15T00:00:00+00:00","Bodenständigkeit, sympathisch, Entwicklungschancen, Wertschätzung, angenehme Arbeitsatmosphäre, Vielfältigkeit","Etwas hierarchisch, traditionell, noch etwas hinterher in Hinblick auf Digitalisierung und weiteren innovativen Themen","Kommunikation anders managen innerhalb des Teams","","","","","","","","","","","","",""
"deutschebahn","student","Leipzig, Sachsen","student","recruiting","Könnte mir kein besseres vorstellen",4.4,"2020-09-15T00:00:00+00:00","Übernahme Chancen","Kommunikation zw. Tochterunternehmen","Nichts","","","","","","","","","","","","",""
"deutschebahn","student","Coburg, Bayern","student","controlling","Interessant",4.2,"2020-09-15T00:00:00+00:00","Flexibilität","Bürokratie","neue Ideen immer fordern!","","","","","","","","","","","","",""
"deutschebahn","student","Frankfurt am Main, Hessen","student","other","The workstudent position is great.",3.8,"2020-09-15T00:00:00+00:00","The company has an product that is great for the environment.","It is complicate to organize projects in the company.","Maybe it makes sense to focus on less projects in the strategy department.","","","","","","","","","","","","",""
"deutschebahn","student","Mainz, Rheinland-Pfalz","student","it","interessante fachliche Einblicke,gute Zusammenarbeit im Team, Erkenntnis als Werkstudent keine Veränderungen zu bewirken",3.5,"2020-09-15T00:00:00+00:00","Mitarbeiter-Benefits, Gehalt, flexible Arbeitszeiten, Weiterentwicklungsmöglichkeiten im Konzern, Initiativen zur Bindung von Praktikanten/Werkstudenten","zu viel Bürokratie, keine klaren Verantwortlichkeiten, zu lange Entscheidungsprozesse, oft werden Unterlagen \"für die Tonne produziert\" und damit Arbeitskraft verschwendet,zu wenig Offenheit für neue Arbeitsmethoden wie z.B. agiles Arbeiten, selbstorganisierte Teams o.Ä.","mehr delegieren, Entscheidungen auch mal von den Mitarbeitern treffen lassen; Mitarbeiter zur eigenständigen Arbeitsweise befähigen, Fehlerkultur und gemeinsames Lernen etablieren","","","","","","","","","","","","",""
"deutschebahn","student","Frankfurt am Main, Hessen","student","recruiting","Sehr gut: 4.6 von 5 Sternen",4.6,"2020-09-15T00:00:00+00:00","Organisationsform (agil), Konzernumfeld, setzt auf technologische Zukunft","zu viele Änderungen oder Regelungen","Mehr Feedback, Anweisung","","","","","","","","","","","","",""
"deutschebahn","student","Brandenburg an der Havel, Brandenburg","student","it","Interessante Projekte,verbesserungsbedarf bei Kommunikation mit Kollegen,work-life balance & Einarbeitung in Projekte",3.4,"2020-09-15T00:00:00+00:00","Bezahlung, Digitalisierung,","Hierarchien sehr präsent","mehr work-life balance","","","","","","","","","","","","",""
"deutschebahn","student","Hamburg, Hamburg","student","other","alles in einem sehr gelungene Zeit",4.2,"2020-09-15T00:00:00+00:00","Sicherheit","Dass die Kulturentwicklung zu wenig betrachtet wird","eine Assistentin einstellen","","","","","","","","","","","","",""
"deutschebahn","student","Brandenburg an der Havel, Brandenburg","student","it","Insgesamt sehr zufrieden mit dem Unternehmen und den Erfahrungen die ich machen konnte",4.4,"2020-09-15T00:00:00+00:00","Gute Kommunikation, Flexibilität, Diskussionsbereitschaft","Historisch gewachsene lange Abstimmungsketten","Umsichtiger mit Kollegen umgehen","","","","","","","","","","","","",""
"deutschebahn","student","Stuttgart, Baden-Württemberg","student","research","I enjoy the work a lot and strongly consider to stay for a permanent job after finishing my master degree",3.8,"2020-09-15T00:00:00+00:00","Emotional connection to its product","The structures are highly complex and sometimes I doubt the necessity of this complexity.","I can't tell at the moment.","","","","","","","","","","","","",""
"deutschebahn","student","Augsburg, Bayern","student","recruiting","good",3.2,"2020-09-15T00:00:00+00:00","flexibility","unmodern","having a better overview","","","","","","","","","","","","",""
"deutschebahn","student","Hamburg, Hamburg","student","controlling","Sehr interessante Aufgaben",3.7,"2020-09-15T00:00:00+00:00","Wertschätzung","Standort","Mutiger Änderungen vorantreiben","","","","","","","","","","","","",""
"deutschebahn","student","Duisburg, Nordrhein-Westfalen","student","other","Sehr zufrieden. Aufgaben teilweise nicht die spannensten, aber ich hatte das Gefühl einen Mehrwert bieten zu können",4.8,"2020-09-15T00:00:00+00:00","Dass ich meine Arbeitszeiten relativ felxibel einteilen kann und die Bezahlung ist sehr gut","Dass die Entscheidungswege teilweise sehr lang sind","Eventuell mehr Aufgaben abgeben und einen noch besseren Überblick über alles schaffen und eine klarere Meinung zu verschiedenen Dingen vertreten","","","","","","","","","","","","",""
"deutschebahn","student","Berlin, Land Berlin","student","recruiting","Meine Stelle fordert und fördert mich",4.2,"2020-09-15T00:00:00+00:00","Das individuelle Eingehen auf die Person selbst","Fällt mir auf anhieb nichts ein","Andere Gedanken mit aufgreifen","","","","","","","","","","","","",""
"deutschebahn","student","Brandenburg an der Havel, Brandenburg","student","communication","Sehr gut",3.9,"2020-09-15T00:00:00+00:00","Digitales Arbeiten","wenig Präsenz vom Chef","mehr Präsenz zeigen","","","","","","","","","","","","",""
"deutschebahn","student","Leipzig, Sachsen","student","recruiting","Sehr interessant und abwechslungsreich, interessante Aufgaben und Kollegen, die bei jeder Frage unterstützen",4.4,"2020-08-27T00:00:00+00:00","Vielfältige und abwechslungsreiche Aufgaben, Möglichkeiten zur Weiterentwicklung, gute Arbeitsatmosphäre, offene Kommunikation im Team, Möglichkeiten Fragen zu stellen und in verschiedene Bereiche reinzuschauen, gutes Gehalt","Lange Kommunikationswege, unklare Entscheidungen der Zentrale","Disziplinierter mit Zeit umgehen","","","","","","","","","","","","",""
"deutschebahn","student","Hamburg, Hamburg","student","other","Gut, um erste Berufserfahrung im Projektmanagement zu machen, aber nicht gut genug, um danach Vollzeit dort zu arbeiten.",3.7,"2020-08-25T00:00:00+00:00","Work-Life Balance","Digitalisierung","Für eine bessere Einarbeitung sorgen","","","","","","","","","","","","",""
"deutschebahn","student","Duisburg, Nordrhein-Westfalen","student","other","Ich wurde leider ungerecht behandelt",1.4,"2020-08-20T00:00:00+00:00","Guter Lohn","","","","","","","","","","","","","","",""
"deutschebahn","student","Minden, Nordrhein-Westfalen","student","it","Sehr Positiv",5,"2020-07-29T00:00:00+00:00","Flexible Arbeitszeiten","Stand der Technik","Nichts","","","","","","","","","","","","",""
"deutschebahn","student","Hannover, Niedersachsen","student","communication","Toller Arbeitgeber!",4.5,"2020-07-22T00:00:00+00:00","","","","","","Flexibilität bei der Arbeitszeit, Möglichkeit der Arbeit im Home Office, Job-Sharing-Möglichkeit und Sabbatical","Besonders für Young Talents und Frauen gibt es immer mehr Weiterbildungsmöglichkeiten","","","","","","Nagelneues Gebäude am Standort Hannover (2019) mit offenen, modernen Büros, Fitnessräumchen, Ruheraum, \"Bibliothek\", Think Tanks etc.","","Noch gibt es ein Ungleichgewicht bei der Besetzung von Frauen und Männern (liegt wahrscheinlich auch an der Branche), die DB tut aber viel dafür, dass sich der Frauenanteil (auch in Führung) erhöht",""
"deutschebahn","student","Frankfurt am Main, Hessen","student","communication","Ich liebe meinen Werkstudentenjob so sehr, dass ich auch in Zukunft bei der DB Netz AG bleiben möchte.",4.8,"2020-07-04T00:00:00+00:00","Die generellen Konditionen sowie die Werte/ Vision","Nichts","Öfter Mitarbeiter*innen-Gepräche führen","","","","","","","","","","","","",""
"deutschebahn","student","Eschborn, Hessen","student","recruiting","Gutes kollegiales Arbeitsumfeld, interessante Aufgaben und die Möglichkeit sich weiterzuentwickeln!",4.3,"2020-07-03T00:00:00+00:00","","","","Besonders während Covid-19 sehr gut organisiert!","","","","","","","","","","","",""
"deutschebahn","student","Bodenheim, Rheinland-Pfalz","student","recruiting","Empfehlenswert",4.6,"2020-06-11T00:00:00+00:00","-Sehr persönliche und familiäre Arbeitsatmosphäre und gleichzeitig Konzernvorteile<br/>-Gute Vereinbarkeit mit dem Studium durch flexible Arbeitszeiten<br/>-Auch als Werkstudent fühlt man sich als geschätzte und vollwertige Arbeitskraft (Einladung zur Weihnachtsfeier & Seminaren)<br/>-Top Rahmenbedingungen (Urlaubstage, Gehalt, Mitarbeiter-Rabatte)<br/>-Interessante und teilweise verantwortungsvolle Aufgaben","Zum Teil sehr langwierige Prozesse","","","","","","","","","","","","","",""
"deutschebahn","student","Augsburg, Bayern","student","operations","Überarbeitete Führungskräfte reagieren nur. Keine langfristige Planung zur Entlastung aller zu erkennen.",2.7,"2020-05-26T00:00:00+00:00","Schnelle Reaktion, gute Umsetzung!","Ich kann mich hierzu nicht beschweren.","Im Bezug auf Corona würde hier hervorragend reagiert.","","","","","","","","","","","","",""
"deutschebahn","student","Hamburg, Hamburg","student","operations","Große Rücksicht auf die Belange der einzelnen Mitarbeiter",3.9,"2020-05-20T00:00:00+00:00","Für die schnelle Reaktion, gebündelte Informationen zu Corona und die mobile Ausrichtung, die es einem direkt ermöglichte, in das Home Office zu gehen. Zudem wurde noch kein Mitarbeiter in Kurzarbeit versetzt.","","Ich denke, dass mein Arbeitgeber bereits alle Möglichkeiten ausschöpft.","Die Arbeitsatmosphäre ist sehr angenehm. Einem werden faire Fristen gesetzt für gute Arbeit wird man gelobt.","Die Deutsche Bahn hat von außen betrachtet kein gutes Image. Als Arbeitgeber schätze ich dieses jedoch als neutral ein.","","Für feste Mitarbeiter bietet die Deutsche Bahn viele Fortbildungsmöglichkeiten.","","","Diesbezüglich habe ich in dem Unternehmen noch keine schlechte Erfahrung gemacht","","Meine direkten Vorgesetzten waren bisher immer sehr fair und bringen das mit, was man sich von einem Vorgesetzten nur wünschen kann.","","Die Kommunikation ist aufgrund der Infrastruktur eher mäßig. Es werden aber bereits Verbesserungen vorgenommen.","","Im Vergleich zu Werkstudententätigkeiten, die ich in anderen Unternehmen ausgeübt habe, sind die Aufgaben sehr interessant und abwechslungsreich. Da man als Werkstudent jedoch nur eingeschränkt Verantwortung übernehmen kann, ist es nicht verwunderlich, dass Auswahlmöglichkeit eingeschränkt ist."
"deutschebahn","student","Mainz, Rheinland-Pfalz","student","","BTT eine Konzerntochter der DB",4.2,"2020-01-09T00:00:00+00:00","Ich empfinde das Betriebsklima als sehr angenehm und gehe mit einem guten Gefühl zur Arbeit.","","","Ich empfinde die Arbeitsatmosphäre als äußerst angenehm. Mit den Kollegen komme ich sehr gut aus. Insgesamt ist man hier bestrebt, sich zu verstehen und gut miteinander auszukommen.","Ich bin bei meiner damaligen Jobsuche zufällig auf die Firma gestoßen. Hier könnte das Unternehmen durch mehr Marketing nachhelfen.","Durch flexible Arbeitszeiten und die Option zum Homeoffice hat man die Möglichkeit den Arbeitsalltag an das Privatleben anzupassen.<br/>Wie in zahlreichen Branchen gibt es auch hier Hochphasen, in denen man bereit sein sollte etwas über die reguläre Arbeitszeit hinaus tätig zu sein. Denn nur so kann das ganze Team erfolgreich sein. Dafür gibt es wiederum Phasen, in denen man die geleistete Mehrarbeit durch Freizeit ausgleichen kann.","Es gibt einige Weiterbildungsangebote bspw. Fremdsprachkurse.","Das Gehaltsniveau ist im Vergleich zum DB-Konzern niedriger. Das Gehalt ist dennoch ok.","Die BTT senkt durch den Schienentransport von Gefahrgütern die CO2 Emission und schont somit die Umwelt.","Bei Fragen helfen die Kollegen gerne weiter und das hat bisher auch abteilungsübergreifend gut funktioniert.","Es gibt viele Kollegen die bereits seit langer Zeit im Unternehmen sind. Diese werden meines Erachtens nach u.a. aufgrund ihrer langjährigen Erfahrungen geschätzt.","Ich finde meinen direkten Vorgesetzten sehr kompetent. Zudem begegnet man sich auf einer menschlichen Ebene und wird respektvoll behandelt.","Die IT-Ausstattung ist gut und es existieren viele hilfreiche Systeme. Das Gebäude wird regelmäßig Instand gehalten, allerdings ist es nicht klimatisiert.","Durch regelmäßige Teammeetings in unserer Abteilung werden alle Kollegen auf den aktuellen Stand gebracht. Die Geschäftsführung erklärt in großen Runden die Geschäftsstrategie, sodass alle über anstehende Veränderungen informiert werden. Zudem werden aktuelle Infos im Intranet veröffentlicht.","In der Belegschaft ist eine Vielfalt zu erkennen. Ich habe nicht den Eindruck, das jemand aufgrund seiner Ethnie, seines Alters oder Geschlechts (u.ä.) benachteiligt wird. In der BTT sind einige Frauen in Führungspositionen.","Meine Aufgaben sind sehr abwechslungsreich und doch sind einige Aufgaben wiederkehrend. Für mein Empfinden eine gute Mischung."
"deutschebahn","student","Frankfurt am Main, Brandenburg","student","controlling","Besser als der Ruf es vermuten lässt!",4,"2019-11-18T00:00:00+00:00","Themen wie Digitalisierung werden sinnstiftend angegangen","Zu viel Aktionismus, der Blick für den langfristigen Erfolg geht verloren","Die Mitarbeiter und deren Leistung mehr wertschätzen","","","","","","","","","","","","",""
"deutschebahn","student","Stuttgart, Baden-Württemberg","student","other","alles in allem gut, mit fehlern",4.2,"2019-10-06T00:00:00+00:00","gute arbeitszeiten und nette kollegen und vorgesetzte","oft zu wenig arbeit, langeweile, wenig produktiv","mehr arbeit, interessantere aufgaben","","","","","","","","","","","","",""
"deutschebahn","student","Kassel, Hessen","student","product","gut (würde ja gerne mehr schreiben, aber mit 120 Zeichen komme ich nicht so weit ,))",4.2,"2019-09-29T00:00:00+00:00","gute Arbeitsatmosphäregute Rahmenbedingungen (Gehalt,Arbeitszeit mit Gleitzeit etc.)Vielfältiges Leistungsspektrumgute Sozialleistungen","Zugang zur IT Ausstattung dauert definitive zu lange","","","","","","","","","","","","","",""
"deutschebahn","student","Frankfurt am Main, Hessen","student","administration","alles super",4.6,"2019-09-29T00:00:00+00:00","Flexible Arbeitszeit","komplizierte und vor allem langwierige Prozesse im Großkonzern","","","","","","","","","","","","","",""
"deutschebahn","student","Frankfurt am Main, Hessen","student","other","Bin schweren Herzens gegangen...",4.6,"2019-09-09T00:00:00+00:00","Es gab einen sehr starken Zusammenhalt innerhalb der Abteilung, super nette und hilfsbereite Kollegen. Ich bin immer sehr gerne ins Büro gekommen.","","Wertschätzung gegenüber den Angestellten zeigen (direkt von den Führungsebenen und auch von den Recruitern beim Stellenwechsel)","","","Gleitzeit und Abschalten nach der Arbeit - zumindest in meinem Fall - immer möglich gewesen","Der Wechsel in einen anderen Regionalbereich (inkl. Bewerbung auf eine ausgeschriebene Stelle dort) kam leider nicht zustande, da ich über einen Monat auf eine Antwort warten musste. Dann gab zwar ein Vorstellungsgespräch und kurz darauf eine Zusage, aber leider zu spät. Im Nachhinein sehr schade...","Tarifvertrag, vergünstigte bzw. fast kostenlose Fahrkarten in bestimmtem Umfang","","","","","Bei körperlichen Schwierigkeiten wurde immer eine Lösung gefunden, Arbeitsplatz optimal eingerichtet nach jetzigen Standards","","",""
"deutschebahn","student","Frankfurt am Main, Hessen","student","product","Highlight ist die gute Arbeitsatmosphäre. Lowlight sind Tage, an denen es nichts oder nur banale Aufgaben gibt.",4.5,"2019-09-03T00:00:00+00:00","Flexibilität bei Arbeitszeit","Viel mit internen Prozessen beschäftigt","","","","","","","","","","","","","",""
"deutschebahn","student","München, Bayern","student","controlling","Ich weiß gar nicht, wieso ich hier arbeite, da ich keine Aufgaben bekomme und die Kollegen mich nicht einarbeiten.",3,"2019-08-28T00:00:00+00:00","Sehr viel Freizeit.","Kommunikation, Kollegenverhalten, Zuständigkeiten","","","","","","","","","","","","","",""
"deutschebahn","student","Frankfurt am Main, Hessen","student","recruiting","Die Werkstudententätigkeit macht sehr viel spaß, ich lerne sehr viel. Der Umgang im Team inkl. Führungskraft ist super.",4.4,"2019-08-27T00:00:00+00:00","Agile Methoden, Flexible Arbeitszeiten, Hohes Vertrauen in die Mitarbeiter","","","","","","","","","","","","","","",""
"deutschebahn","student","Frankfurt am Main, Hessen","student","it","Die Werkstudententätigkeit ist alles in allem sehr gut.Man wird wie ein voller Mitarbeiter behandelt",4.9,"2019-08-27T00:00:00+00:00","Großes Unternehmen, demnach viele Möglichkeiten zur Weiterentwicklung. Viele Möglichkeiten zu lernen.","Viele Zwischenprozesse verlangsamen das Unternehmen.","","","","","","","","","","","","","",""
"deutschebahn","student","Frankfurt am Main, Hessen","student","it","I found it so good",4.2,"2019-07-24T00:00:00+00:00","cooperative","every things were prefect","","","","","","","","","","","","","",""
"deutschebahn","student","Berlin, Land Berlin","student","operations","Anspruchsvolle Aufgaben und gutes Mentoring. Das Unternehmen hat wenig Interesse an einer Weiterbeschäftigung gezeigt.",4.5,"2019-07-23T00:00:00+00:00","Unterstützung in vielen Belangen, viele Benefits, Arbeitszeitgestaltung","Einarbeitung könnte verbessert werden","Bindung der Praktikanten an das Unternehmen","","","","","","","","","","","","",""
"deutschebahn","student","Karlsruhe, Baden-Württemberg","student","other","Die Kollegen sind alle sehr Nett und auch ansprechbar. Die Kollegen sind alle Hilfsbereit.",4.9,"2019-07-23T00:00:00+00:00","Kommunikation, Gehalt, Arbeitszeiten","Es liegt noch keine Kritik vor","","","","","","","","","","","","","",""
"deutschebahn","student","Frankfurt am Main, Hessen","student","management","Gute Erfahrungen und Eindrücke zum Unternehmen gesammelt",3.1,"2019-07-23T00:00:00+00:00","Teambuilding","Struktur","","","","","","","","","","","","","",""
"deutschebahn","student","Leipzig, Sachsen","student","recruiting","Interessantes Praktikum, dass leider sehr vom zugehörigen Mentor abhängt. Man unterstützt die Routine im Alltag.",3.5,"2019-07-23T00:00:00+00:00","Prestige, Entwicklungsmöglichkeiten, ständiges Höherstreben","kein Chancengeber","","","","","","","","","","","","","",""
"deutschebahn","student","Leipzig, Sachsen","student","it","Das Praktikum (die Werkstudententätigkeit) hat mir sehr gut gefallen und kann die DB Regio AG definitiv weiterempfehlen.",4.6,"2019-07-23T00:00:00+00:00","Offener Umgang und Möglichkeit flexibel zu arbeiten und sich selbst zu verwirklichen.","Teilweise längere Wartezeiten bei zuarbeiten und allgemeinen Themen (Freischaltung Laufwerke usw.)","","","","","","","","","","","","","",""
"deutschebahn","student","Minden, Nordrhein-Westfalen","student","it","Alles in Allem ein gelungenes und gutes Praktikum.",4.5,"2019-07-23T00:00:00+00:00","Gutes Arbeitsumfeld, gute Arbeitsbedingungen","Stand der Technik hängt meiner Meinung nach etwas hinterher","Stand der Technik","","","","","","","","","","","","",""
"deutschebahn","student","Leipzig, Sachsen","student","communication","man lernt viel, hat viel Verantwortung, bekommt Vertrauen",4.3,"2019-07-23T00:00:00+00:00","Entwicklungsmöglichkeiten, Arbeitsatmosphäre, Vergütung, Work-Life-Balance, flexible Arbeitszeit","manchmal fehlt der Zusammenhalt zwischen unterschiedlichen Gewerken und Organisationseinheiten, nicht immer klare, offene Kommunikation","","","","","","","","","","","","","",""
"deutschebahn","student","Frankfurt am Main, Hessen","student","other","Eine sehr abwechslungsreiche Werkstudentenstelle, welche viel Autonomie bietet.",4.1,"2019-07-23T00:00:00+00:00","Agilität und Selbstorganisation","Keine Übergeordnete Organisation/Betreuung für Werkstudenten","","","","","","","","","","","","","",""
"deutschebahn","student","Frankfurt am Main, Hessen","student","recruiting","Ich lerne viel über die Tätigkeit im Personalwesen und die Arbeit im Team macht mir viel Freude",3.1,"2019-07-23T00:00:00+00:00","Gleitzeit-Kleine Büros // Kaffeemaschine und Wasserspender //Team-Intensive Einarbeitung","Keinen höhenverstellbaren Schreibtisch // Gehaltsauszahlung 1 Monat später (Arbeitsbeginn: 1.6.2019 / Erstes Auszahlung des Gehalts: 25.07.2019) // Kein Homeoffice-Keine Vergünstigungen der Produkte // keine Schulungen in der Arbeitszeit","","","","","","","","","","","","","",""
"deutschebahn","student","Frankfurt am Main, Hessen","student","administration","Die Werkstudententätigkeit wird sehr gut entlohnt und es gibt viele weitere Vergünstigungen für Mitarbeiter",4.1,"2019-07-23T00:00:00+00:00","","- Aufgabeninhalt- schlechte Kommunikation, was organisatorisches anbelangt- keine richtige Einarbeitung","","","","","","","","","","","","","",""
"deutschebahn","student","Minden, Nordrhein-Westfalen","student","other","Alles zusammen eine Rund um gelungene Arbeit als Werkstudent.",4.2,"2019-07-23T00:00:00+00:00","Unterschiedlichste Aufgaben, auch mit großen Herausforderungen.","IT Bereich hängt etwas hinterher.","","","","","","","","","","","","","",""
"deutschebahn","student","Frankfurt am Main, Hessen","student","controlling","War in Ordnung. Hätte gerne eine bessere Betreuung genossen und gerne mehr gelernt.",4,"2019-07-23T00:00:00+00:00","Work-Life_Balance","Teamkilma","","","","","","","","","","","","","",""
"deutschebahn","student","Frankfurt am Main, Hessen","student","product","- super Team- Möglichkeiten zu vielseitigen Aufgaben- jenseits des eigenen Teams starre Strukturen, da großer Konzern",4,"2019-07-22T00:00:00+00:00","- sehr faire Behandlung der StudentInnen (Lohn, sonstige benefits anteilig nach Arbeitszeit etc.)- vielseitig","- starre Strukturen- schwwer, einen Überblick zu bekommen","längere, noch ausführlichere Einarbeitung","","","","","","","","","","","","",""
"deutschebahn","student","Frankfurt am Main, Hessen","student","product","Rundum sehr zufrieden!!",1.8,"2019-07-21T00:00:00+00:00","- sehr flexibele Aufgabenzuteilung innerhalb der Praktikanten- interessante Aufgaben-","","","","","","","","","","","","","","",""
"deutschebahn","student","Münster, Nordrhein-Westfalen","student","other","Ich werde bei jeder Frage ernst genommen und unterstützt. Die Arbeitskollegen sind immer hilfsbereit und freundlich.",4.7,"2019-07-21T00:00:00+00:00","Das Arbeitsklima, die Aufgaben und die Vorteile für private Reisen","Manchmal verrennt man sich in der Prozessstruktur","","","","","","","","","","","","","",""
"deutschebahn","student","Frankfurt am Main, Hessen","student","it","Überwiegend zufrieden",4.5,"2019-07-21T00:00:00+00:00","Vergütung, Team, Mitarbeitervergünstigungen, Lage, Aufgaben, Größe","Arbeitsplatzsituation, Management","","","","","","","","","","","","","",""
"deutschebahn","student","Frankfurt am Main, Hessen","student","product","Nettes Umfeld und spannende Aufgaben. Leider durch verschiedene Konzernrichtlinien nicht sehr freies Denken möglich",3.8,"2019-07-21T00:00:00+00:00","Personal, Betreuung, Aufgaben","IT, Rahmenverträge","","","","","","","","","","","","","",""
"deutschebahn","student","Frankfurt am Main, Hessen","student","recruiting","sehr gut",4.2,"2019-07-21T00:00:00+00:00","Autonomie, Kreativität","bisher nichts","","","","","","","","","","","","","",""
"deutschebahn","student","Frankfurt am Main, Hessen","student","it","Sehr netter Umgang, sehr geduldig, keinen Stress sofort alles können zu müssen, Leistungen werden anerkannt",4.8,"2019-07-21T00:00:00+00:00","Rund­um­ver­sor­gung,sehr nette Laute, flache Hierarchien","nichts","","","","","","","","","","","","","",""
"deutschebahn","student","Frankfurt am Main, Hessen","student","it","Ich bin mit der Tätigkeit und dem Unternehmen sehr zufrieden. Passende Verantwortung, aber trotzdem relativ entspannt.",4.2,"2019-07-21T00:00:00+00:00","flexiblen Arbeitszeiten, Mitarbeiterrabatte, Arbeitsklima, Gehalt, flache Strukturen","z.T. strenge Richtlinien die das Arbeiten einschränken und die Fahrzeiten zum Arbeitsort.","","","","","","","","","","","","","",""
"deutschebahn","student","Frankfurt am Main, Hessen","student","recruiting","Vielfältige Werksstudententätigkeit mit hoher Eigenverantwortung",3.7,"2019-07-18T00:00:00+00:00","Verschiedene Arbeitsbereiche, Respektvoller Umgang","Wenig Arbeit im Team","","","","","","","","","","","","","",""
"deutschebahn","student","Berlin, Land Berlin","student","recruiting","sehr gute Erfahrung, die durch das Team und der direkten Führungskraft ermöglicht wurden. Gute Weiterentwicklung von mir",4.6,"2019-07-18T00:00:00+00:00","Konzernstruktur bietet viele Weiterentwicklungsmöglichkeiten, Führungskraft, social benefits, Tarifverträge","Konzernprozesse dauern lang, viel Hierarchie","","","","","","","","","","","","","",""
"deutschebahn","student","Berlin, Land Berlin","student","controlling","Werkstudent, einfache Aufgaben, unterstützend, nicht viel Autonomie, Teilzeitviel Gemecker allgemein, Kollegen nett",3.4,"2019-07-18T00:00:00+00:00","Breites Spektrum","Standort, ineffiziente Besprechungen","","","","","","","","","","","","","",""
"deutschebahn","student","Karlsruhe, Baden-Württemberg","student","other","Interessantes Unternehmen. Gute Arbeitsatmosphäre. Faires Gehalt plus Zusatzleistungen und eine gute Work-life-Balance",4.8,"2019-07-18T00:00:00+00:00","großer Konzern mit Zusatzleistungen","alles dauert etwas lange, Bewerbungen, Vertragsverlängerungen","","","","","","","","","","","","","",""
"deutschebahn","student","Frankfurt am Main, Hessen","student","other","interessante Aufgaben, vielfältiger Konzern, Aufgaben werden eigenverantwortlich bearbeitet, Vertrauensarbeitszeit",4.2,"2019-07-18T00:00:00+00:00","großer Konzern mit vielen Geschäftsfeldern, bietet viele Möglichkeiten und ein großes Spektrum an interessanten Jobs, es wird viel getan und geboten, um Studenten und fähige Mitarbeiter im Unternehmen zu halten","teilweise lange Entscheidungswege, aufgrund steiler Hierarchien, teils sehr bürokratisch, Digitalisierung muss noch mehr voran getrieben werden","","","","","","","","","","","","","",""
"deutschebahn","student","Karlsruhe, Baden-Württemberg","student","research","Viel Spaß, Aufgaben mit eigener Verantwortung, nette Kollegen mit denen man auch gerne Abends sich trifft.",4.8,"2019-07-18T00:00:00+00:00","Gehalt, Vorgesetzte, Freifahrten","fehlende Agilität","","","","","","","","","","","","","",""
"deutschebahn","student","Leipzig, Sachsen","student","communication","Ich war gleichwertige Kollegin, habe viel erlebt und gelernt.",4.2,"2019-07-18T00:00:00+00:00","Entwicklungsmöglichkeiten, Vielfalt, finanzielle und private Sicherheit","Manche veraltete Ansichten","","","","","","","","","","","","","",""
"deutschebahn","student","Frankfurt am Main, Hessen","student","legal","Sehr angenehmes Arbeiten mit guter Work-Life-Balance und sehr sympatischen Kollegen.",4.8,"2019-07-18T00:00:00+00:00","Produkte des Unternehmens, Job-Ticket","","","","","","","","","","","","","","",""
"deutschebahn","student","Frankfurt am Main, Hessen","student","management","Die Werksstudententätigkeit erfüllt voll und ganz meine Erwartungen.",4.3,"2019-07-18T00:00:00+00:00","Viel Verantwortung","Bürokratie","","","","","","","","","","","","","",""
"deutschebahn","student","Berlin, Land Berlin","student","recruiting","Tolle Möglichkeiten für Berufseinsteiger!",4.8,"2019-06-20T00:00:00+00:00","Mir wurden direkt von Anfang an vertraut. Ich habe verantwortungsvolle Aufgaben bekommen, die mich gefordert, aber nicht überfordert haben.","","Bei Langzeitpraktikanten und -werkstudenten könnte über die Möglichkeit zum Home-Office nachgedacht werden.","","","","","","","","","","","","",""
"deutschebahn","student","Mainz, Rheinland-Pfalz","student","administration","Möglichkeit des selbstständigen Arbeitens, wertschätzender Umgang und sehr gute Zusammenarbeit im Team",4.2,"2019-06-16T00:00:00+00:00","flexible Arbeitszeiten, Mitarbeiterbenefits (z.B. Freifahrten, Kantine, Mitarbeiterrabatte), Veranstaltungen, die Austausch mit anderen Abteilungen ermöglichen, überdurchschnittliche Vergütung für Werkstudenten, Möglichkeit später im Konzern Fuß zu fassen","Entscheidungsfindungen dauern oft lange durch die komplexe Konzernstruktur, Prozesse sind teilweise zu kompliziert und Ansprechpartner sind unklar","","","","","","","","","","","","","",""
"deutschebahn","student","Mainz, Rheinland-Pfalz","student","other","Mehr kann ich mir nicht wünschen.",4.2,"2019-04-03T00:00:00+00:00","Die Karriere- und Weiterbildungsmöglichkeiten, die Flexibilität und Sicherheit, die Extraleistungen und das Arbeitsklima. Absolut tolle Kollegen!","Die Bürokratie und langen Prozesse bei Veränderungen.","","Bis jetzt die beste, die ich hatte.","Leider wird die DB generell immer nur kritisiert. Das hilft nicht.","Sehr flexibel","","","","Offen, direkt und einfach ein gutes Team.","","","","Manchmal etwas langsam, aber das ist sicher durch die Größe gegeben.","",""
"deutschebahn","student","Frankfurt am Main, Hessen","student","design","Oh my god - never again!",1.3,"2018-12-05T00:00:00+00:00","Well, somehow they survive.","Well, they're a wee bit of slow and old fashioned.","They should take care of their young employees, junior's and intern's.","It's been a cold and weird atmosphere in their offices.","I thought it's an innovative, international, and forward-looking company - but it's def not.","Jeezz. They have no idea what that means.","I've left.","EUR 15.00 per hour, no paid leave","","I haven't been integrated in the team.","Yeah - they take care.","I am still waiting for my reference letter - it has been 6 months since I have left.","The working conditions are a bit weird too.","It seems people there cant speak. The communication is with e-mails only. The e-mails are often nit clear and don't have any command.","I didn't feel I was part of the team - there haven't been any team building measures.","Well, I did a masters program in railway engineering at a German uni and just had an internship with DB. I have been trained to copy, to fold and file paper drawings, and to fuel cars."
"deutschebahn","student","Frankfurt am Main, Hessen","student","sales","Sehr gut: 4.23 von 5 Sternen",4.2,"2018-10-04T00:00:00+00:00","Mitarbeiterrabatteviele Benefitsflexible ArbeitszeitenKantinegroßes, bekanntes Unternehmen","Hierarchische Strukturenmangelnde Kommunikationschlechter Ruf des Produkts","","","","","","","","","","","","","",""
"deutschebahn","student","Frankfurt am Main, Hessen","student","management","Sehr gut: 4.08 von 5 Sternen",4.1,"2018-09-24T00:00:00+00:00","FlexibelDB MitarbeiterrabatteEinladungen an Firmenevents inkl. HotelGute und moderne BürosGute Kantine","Manchmal zu operative AufgabenKeine Trainings für Werkstudis","","","","","","","","","","","","","",""
"deutschebahn","student","Berlin, Land Berlin","student","research","Sehr interessantes und studienbegleitendes Pranktikum.",4.7,"2018-09-13T00:00:00+00:00","Flexibilität und Eigenverantwortung","Lange unnötige Genehmigungsvorgänge","","","","","","","","","","","","","",""
"deutschebahn","student","Leipzig, Sachsen","student","administration","Es ist sehr vielreich, flexibel und vor allen Dingen ist die Arbeitsatmosphäre genial.",4.2,"2018-09-12T00:00:00+00:00","Die Sicherheit am Arbeitsplatz und das flexible Arbeiten","Eine aus der Geschichte und Politik heraus auf diktierte Strategie, die sich nicht immer als wirtschaftlich erweist.","","","","","","","","","","","","","",""
"deutschebahn","student","Frankfurt am Main, Hessen","student","recruiting","Sehr interessante Werkstudententätigkeit mit der Möglichkeit zur Weiterentwicklung im Unternehmen.",4.9,"2018-09-05T00:00:00+00:00","Bezahlung, Werte und Benefits","","","","","","","","","","","","","","",""
"deutschebahn","student","Berlin, Land Berlin","student","recruiting","Ich kann durchgehend positiv von meinen Erfahrungen bei der Deutschen Bahn sprechen.",4.7,"2018-09-03T00:00:00+00:00","Entwicklungschancen, Verantwortung, offene Kommunikation auf Augenhöhe, gute Vergütung, vielfältige Aufgaben","lange bürokratische Kommunikationswege im Falle von Anträgen","","","","","","","","","","","","","",""
"deutschebahn","student","München, Bayern","student","sales","Sehr gut: 4.85 von 5 Sternen",4.8,"2018-09-03T00:00:00+00:00","Flexibilität neben Vollzeitstudium, tolle Kollegen & Vorgesetzte, Wertschätzung für die Arbeit eines jeden Mitarbeiters","manchmal der Überblick, was in anderen Abteilungen passiert/ woran gerade gearbeitet wird","","","","","","","","","","","","","",""
"deutschebahn","student","Berlin, Land Berlin","student","other","Sehr gut: 4.46 von 5 Sternen",4.5,"2018-08-31T00:00:00+00:00","ArbeitsumfeldFlexibilitätArbeitsbedingungen","Lange Umsetzungszeit von Neuerungen","","","","","","","","","","","","","",""
"deutschebahn","student","Berlin, Land Berlin","student","recruiting","Vielfältiger Einblick bei der Bahngemeinschaft!",4,"2018-08-30T00:00:00+00:00","Die Unternehmenskultur und die vielfältigen Aufgaben und Entwicklungsmöglichkeiten (wenn man es schafft eingestellt zu werden).","Die Redundanz verschiedener Systeme, SYSTEM-Chaos oder auch Digitalisierung zu gut gemeint...: Die Vielfalt an Systemen ist eine absolute Katastrophe (oft funktioniert was nicht, oft geht es einfach drunter und drüber)","Recruiting-Geschwindigkeit (im Juni beworben, Ende August immer noch nicht alle Antworten).<br/><br/>Willige, motivierte Werkstudenten(/Praktikanten) besser binden!","","","","Es war keine Übernahme nach der Tätigkeit möglich, trotz sehr gutem Arbeitszeugnis und Bestnoten im Studium (BA).","","","","","","","","",""
"deutschebahn","student","Frankfurt am Main, Hessen","student","controlling","Insgesamt wurde ich gut ins Team integriert und habe meine Aufgabengebiete, die ich selbstständig bearbeite.",4,"2018-08-30T00:00:00+00:00","flexibleArbeitszeiten-Selbstständigesarbeiten-gutesGehalt","Einarbeitung","","","","","","","","","","","","","",""
"deutschebahn","student","Berlin, Land Berlin","student","administration","ich bin generell zufrieden mit meinem Arbeitgeber.",3,"2018-08-29T00:00:00+00:00","Gehalt, Kommunikation, Standort","wenig Studenten, keine flexiblen Arbeitszeiten","","","","","","","","","","","","","",""
"deutschebahn","student","Nürnberg, Bayern","student","other","Eigentlich ist alles ganz gut, allerdings habe ich das Gefühl als junge Frau nicht gleich behandelt zu werden.",3.5,"2018-08-29T00:00:00+00:00","Die vielen Möglichkeiten, die eine Firma in dieser Größenordnung bietet.","Man geht als einzelner Mitarbeiter ein bisschen unter.","","","","","","","","","","","","","",""
"deutschebahn","student","Karlsruhe, Baden-Württemberg","student","other","Sehr gut: 4.08 von 5 Sternen",4.1,"2018-08-29T00:00:00+00:00","flexible Arbeitszeit, sehr soziale Einstellung,","","","","","","","","","","","","","","",""
"deutschebahn","student","Berlin, Land Berlin","student","other","Diese Anstellung hat meinen Beruflichen Werdegang maßgeblich beeinflusst.",4.4,"2018-08-29T00:00:00+00:00","Gutes TeamworkFlache HierachienAuch als Werkstudent übernehme ich Verantwortung","Wenig Überblick über das Gesamte Unternehmen","","","","","","","","","","","","","",""
"deutschebahn","student","Leipzig, Sachsen","student","procurement","Meine Tätigkeit im Projektmanagement und Technik der Schienenfahrzeugbeschaffung bereitet mir nach wie vor viel Spaß",4.8,"2018-08-21T00:00:00+00:00","Breiter Einblick, viele Weiterentwicklungsmöglichkeiten, flexible Arbeitszeiten","","","","","","","","","","","","","","",""
"deutschebahn","student","Düsseldorf, Nordrhein-Westfalen","student","other","Angemessende Aufgaben - gutes heranführen an bestimmte Arbeiten - schnelles und direkte Einbindung in laufende Prozesse",4.2,"2018-08-09T00:00:00+00:00","Gleichberechtigung zwischen Praktikanten, Werkstudenten und Arbeitnehmer im Bezug auf mögliche Vergünstigungen der DB","","","","","","","","","","","","","","",""
"deutschebahn","student","Leipzig, Sachsen","student","recruiting","Gut: 3.54 von 5 Sternen",3.5,"2018-08-09T00:00:00+00:00","Vollständige Integration ins Team","Hohe Arbeitsbelastung","","","","","","","","","","","","","",""
"deutschebahn","student","Berlin, Land Berlin","student","controlling","Sehr gut: 4.38 von 5 Sternen",4.4,"2018-07-25T00:00:00+00:00","Zukünftige Einführung von Flexibleren Arbeitszeiten, nette Kollegen, fordernde Aufgaben","","","","","","","","","","","","","","",""
"deutschebahn","student","Frankfurt am Main, Hessen","student","other","Sehr gut: 4.08 von 5 Sternen",4.1,"2018-07-24T00:00:00+00:00","Agiles Arbeiten - hierarchiearme Zusammenarbeit","","","","","","","","","","","","","","",""
"deutschebahn","student","Karlsruhe, Baden-Württemberg","student","sales","Es macht sehr viel Spaß, ich bekomme viel eigenverantwortung übertragen.",4.5,"2018-07-24T00:00:00+00:00","Flex @ work","Manchmal ein wenig zu wenig zu tun.","","","","","","","","","","","","","",""
"deutschebahn","student","Frankfurt am Main, Hessen","student","it","Sehr gut: 4.23 von 5 Sternen",4.2,"2018-07-24T00:00:00+00:00","Vertrauensarbeitszeit, interessante Themen, hoher Grad an Eigenständigkeit","Die langen Antwortwege, Unstrkturiertheit im Büro, das Springen im Büro (Arbeitsplätze)","","","","","","","","","","","","","",""
"deutschebahn","student","Frankfurt am Main, Hessen","student","research","Gut: 3.62 von 5 Sternen",3.6,"2018-07-20T00:00:00+00:00","Flexible Arbeitszeiten, Homeoffice, sehr faire Bezahlung, Rücksichtnahme auf Studium/Prüfungen, angemessener Urlaub","Betreuung zeitweise nicht gut, oftmals wenig Arbeitsauslastung, dadurch wenig Neues dazugelernt","","","","","","","","","","","","","",""
"deutschebahn","student","Frankfurt am Main, Hessen","student","other","Das Arbeitsklima ist angenehm, jedoch ist das Arbitsniveau für mich nicht angemessen.",3.5,"2018-07-18T00:00:00+00:00","Starker zusammenhalt, gutes Arbeitsklima, persönliche Vergünstigungen","sehr bürokratisch, schlechte Orientierung im großen Unternehmen, trotz viele Kollegen kennt man nur sehr wenige","","","","","","","","","","","","","",""
"deutschebahn","student","Frankfurt am Main, Hessen","student","it","Sehr gut: 4 von 5 Sternen",4,"2018-07-17T00:00:00+00:00","Flexible Arbeitszeiten, angenehme und gute Arbeitskollegen, Standort ist Super,Netzwerkaufbauen Möglich","Werkstudent wird nach der Zeit 'liegen gelassen', wenig bis kaum Hilfe/Unterstützung bei neuen Abteilungswechseln suche,","","","","","","","","","","","","","",""
"deutschebahn","student","Frankfurt am Main, Hessen","student","recruiting","Sehr wertvolles Praktikum bei welchem ich sehr viel lerne und mich selbst aktiv einbringen und weiterentwickeln kann.",4.5,"2018-07-17T00:00:00+00:00","Innovativ, modern, ermöglichen dem Arbeitnehmer autonom zu arbeiten, viele Angebote für Mitarbeiter","","","","","","","","","","","","","","",""
"deutschebahn","student","Frankfurt am Main, Hessen","student","it","Kein Praktikum, sondern Werkstudententätigkeit. Alles bestens - fordernd, aber nicht überfordernd.",4.1,"2018-07-17T00:00:00+00:00","Guter Standort, entspannte Arbeitsatmosphäre","Triste Büroräume, wie im Krankenhaus.","","","","","","","","","","","","","",""
"deutschebahn","student","Frankfurt am Main, Hessen","student","other","Ich bin auf den Arbeitgeber von Beginn an zugegangen, da ich nach dem Studium weiter hier arbeiten möchte.",3.1,"2018-07-17T00:00:00+00:00","","Obwohl ich Aufgaben des Tagesgeschäfts übernehmen sollte werde ich nur für Dokumentationsaufgaben eingesetzt.","","","","","","","","","","","","","",""
"deutschebahn","student","Frankfurt am Main, Hessen","student","operations","Ein großes Unternehmen bietet vielfältigen Einblick, nichtsdestotrotz wird man schnell mit konkreten Aufgaben betraut",4.7,"2018-07-17T00:00:00+00:00","Private Fahrvergünstigung, Nachhaltigkeit, spannende Themen und Herausforderungen","Negatives Image in der Öffentlichkeit","","","","","","","","","","","","","",""
"deutschebahn","student","Frankfurt am Main, Hessen","student","research","Guter Einblick in ein weltweit agierendes Unternehmen",3.9,"2018-07-05T00:00:00+00:00","Die flexible Arbeitszeitgestaltung und lockee Atmosphäre.","Viele Mitarbeiter beschweren sich gegenseitig über andere, aber es wird keine Lösung gesucht oder gefunden.","","","","","","","","","","","","","",""
"deutschebahn","student","Frankfurt am Main, Hessen","student","it","Sehr gut: 4.15 von 5 Sternen",4.2,"2018-07-04T00:00:00+00:00","Gehalt","Arbeitszeiten (Vollzeit)","","","","","","","","","","","","","",""
"deutschebahn","student","Frankfurt am Main, Hessen","student","recruiting","Gute Zeit mit vielen Möglichkeiten, Verantwortung zu übernehmen und sich einzubringen.",4.2,"2018-07-02T00:00:00+00:00","Viele Nebenleistungen, gutes Image als Arbeitgeber, sehr bekannt und gute Referenz","Kein gutes Jobticket","","","","","","","","","","","","","",""
"deutschebahn","student","Hamburg, Hamburg","student","operations","Duales Studium - Segen oder Fluch",4.4,"2018-06-06T00:00:00+00:00","","","","","","","","Niedrigeres Gehalt, gute Sozialleistungen","","","","","","","",""
"deutschebahn","student","Stuttgart, Baden-Württemberg","student","other","Werkstudent im Bereich Projektmanagement",3.1,"2017-12-23T00:00:00+00:00","Im Team alles super","Schlechter Führungsstil der höheren Hierarchiegruppen","- Arbeitsprozesse klarer gestalten und verkürzen<br/>- Ansprechpartner müssen klar definiert werden","","","","","","","","","","","","",""
"deutschebahn","student","Frankfurt am Main, Brandenburg","student","research","Für alle und jeden den richtigen Job und die passende Unterstützung",5,"2017-07-06T00:00:00+00:00","Interessante Aufgaben und tolle Teams, sodass man jeden Tag gerne zur Arbeit fährt.","Durch den großen Konzern sind viele Wege sehr Bürokratisch und es ist recht Mühselig neues zu implementieren","","tolles kollegiales Verhältnis","Jeder kennt sie, jeder hat schon einmal über sie geschimpft, doch mit ihr fahren wird zukünftig doch auch wieder jeder gerne","Es gibt genügend Freiräume und Möglichkeiten diese ausgeglichen zu halten.","ein großer Konzern, in dem man sich ganz nach den eigenen Vorstellungen und Potentialen weiterentwickeln kann","Sicher sind die Gehälter nicht die \"dicksten\" in der Branche, doch bieten die Sozialleistungen, sowie die Job Garantie einen größeren Anreiz","Nicht nur beim \"befeuern\" der Züge wird auf erneuerbare Energien gesetzt.","Man hilft sich und auch nach der Arbeit trifft man sich gelegentlich um die Freizeit miteinander zu genießen","Die jungen Hüpfer schauen sich meist die Kniffe und Tricks bei den alten Hasen ab =)","Man achtet auch auf die jüngsten/neusten und es herrscht allzeit ein guter respektabler Umgang.","ordentlich geregelte Arbeitszeiten, gute und ansprechende Vergütung und jede Menge Sozialleistungen","Intern, selbst von der obersten Geschäftsführung wird Kommunikation gelebt, sodass eine sehr attarktive Unternehmenskultur gelebt wird.","Ob Mann, ob Frau, ob wie auch immer, Gleichberechtigung wird dort großgeschrieben","Verkehr ist ein Prozess, bei dem meist nie alles glatt läuft. Drum gibt es immer viel zu tun =)"
"deutschebahn","student","Stuttgart, Baden-Württemberg","student","other","Guter Arbeitgeber mit hohen Sozialleistungen",3.9,"2017-05-17T00:00:00+00:00","","","","Eindruck, dass hier jeder willkommen ist der mit anpacken kann.","","flexible Arbeitszeiten, Urlaub flexibel wählbar.","Viele interne Fortbildungen möglich, teilweise schwere Aufstiegschancen, jedoch nach Abschluss des Studiums gute Übernahmechancen","Das Gehalt ist nach TV jedoch unter dem Branchen wert, dafür Ausgleich mit Sozialleistungen wie einem Jobticket","Das Umweltbewusstsein ist sehr Hoch. z.B anschaffung eines Wasserspenders statt Wasserflaschen.","Offenes junges Team, bei Fragen ist immer einer da der sie beantworten kann.","Für mich schwer einschätzbar jedoch, spürbare akzeptanz.","Es wird auf einen zugegangen, außerdem finden regelmäßige Gespräche statt. Manchmal zu viele Vorgesetzte, wer ist für was Ansprechpartner?","Zweier Büros mit großen Schreibtischen. Jedoch ist eine laute Baustelle direkt vor der Tür. Keine eigene Kantine, Nutzung einer externen Kantine die sehr teuer ist (Jedoch Kaufhaus direkt gegenüber)","In Großkonzernen eher die Regel.","Jeder hat die Chance hier seinen Teil bei zu tragen.","(Täglich) wechselnde Aufgaben, manchmal keine Möglichkeit sich in seinem Fachbereich zu spezialisieren."
"deutschebahn","student","Frankfurt am Main, Brandenburg","student","management","Traditionelle Firma mit spannenden Aufgaben",4.6,"2016-03-10T00:00:00+00:00","Bei der DB Netz AG handelt es sich um einen in Deutschland einmaligen Arbeitgeber. Wo sonst hat man die Möglichkeit Projekte und Programme in diesen Größenordnungen durchzuführen? Gerade die Positionierung zwischen Bund, Ländern, Aufgabenträgern (also Verbänden und Ländern, die Zugfahrten bestellen) und Eisenbahnverkehrsunternehmen birgt besondere Herausforderungen.<br/>Neben diesen Bereichen beschäftigt sich die DB Netz AG zunehmend mit der Digitalisierung ihres Geschäftsmodells und den sich daraus ergebenden Chancen und Risiken.<br/>Alles in Allem: ein sehr Abwechslungsreicher und Herausfordernder Job.","","","","","","","","","","","","","","",""
"deutschebahn","student","Frankfurt am Main, Hessen","student","","Energieversorger der Deutschen Bahn",2.4,"2014-11-05T00:00:00+00:00","Günstige Fahrkarte um auf die Arbeit zu kommen","Schlechte Bezahlung","","","","","","","","","","","","","",""
"deutschebahn","student","Frankfurt am Main, Hessen","student","","Einblick in die Beratung eines Großkonzerns",4,"2014-11-05T00:00:00+00:00","- relatives junges Beratungsteam<br/>- auch Praktikanten werden gut in die Projekte eingebunden und haben Kundenkontakt","","","","","Übliche Arbeitszeiten von 9 - 20.30 Uhr, oft länger; selten kürzer - auch für Praktis!","Transfers in die Linien-Position der Deutschen Bahn kommen oft vor; z.T. werden auch Praktikanten von der Linie abgeworben","","","Hilfsbereite Kollegen","","Direkte Projektleiter sind gut in die Teamarbeit eingebunden, Partner übt Sparring für Projekte aus","Abhängig vom Projekt(-standort) kann man mit seinem Projektbüro Glück oder Pech haben ;-)","","","Während viele IHC als \"Beratung light\" ansehen, fungiert DB MC wie ein externer Dienstleister."
"deutschebahn","student","Berlin, Land Berlin","student","sales","Guter Arbeitgeber mit vielen Schwächen",3.2,"2014-04-25T00:00:00+00:00","Vielfältige Möglichkeiten im Bezug auf Tätigkeiten, Liberal, starker Betriebsrat, gute Arbeitsbedingungen","Kommunikation ist leider mangelhaft, Fixierung auf Standort Frankfurt, trotz moderner Kommunikationslösungen wird auf weiter auf Reisen und Aufenthalte an fremden Standorten gesetzt","Kommunikation verbessern, moderne Medien zur Kommunikation nutzen statt vieler Dienstreisen","","","","","","","","","Schlechte Kommunikation, teilweise Aufgaben von oben nach unten diktiert ohne mitspracherecht","","","",""
"deutschebahn","student","Frankfurt am Main, Hessen","student","product","Kann man machen.",3.9,"2022-09-24T00:00:00+00:00","","","","","","","","","","","","","","","",""
"deutschebahn","student","Frankfurt am Main, Brandenburg","student","other","Guter Arbeitsgeber mit guten Arbeitsbedingungen",4,"2022-09-23T00:00:00+00:00","","","","","","","","","","","","","","","",""
"deutschebahn","student","Frankfurt am Main, Brandenburg","student","","Werkstudent",5,"2022-08-22T00:00:00+00:00","","","","","","","","","","","","","","","",""
"deutschebahn","student","Berlin, Land Berlin","student","controlling","Tolle Firma",3.9,"2022-04-20T00:00:00+00:00","","","","","","","","","","","","","","","",""
"deutschebahn","student","Hanau am Main, Hessen","student","management","Я хочу работать в вашей организации",5,"2022-03-18T00:00:00+00:00","","","","","","","","","","","","","","","",""
"deutschebahn","student","Frankfurt am Main, Hessen","student","controlling","Gut bezahlt, aber nicht sonderlich spannend und abwechslungsreich",4.2,"2022-01-19T00:00:00+00:00","","","","","","","","","","","","","","","",""
"deutschebahn","student","Frankfurt am Main, Hessen","student","operations","Einfach Klasse",4.5,"2021-11-25T00:00:00+00:00","","","","","","","","","","","","","","","",""
"deutschebahn","student","Frankfurt am Main, Brandenburg","student","administration","Ich liebe die DB!",4.6,"2021-07-20T00:00:00+00:00","","","","","","","","","","","","","","","",""
"deutschebahn","student","Mainz, Rheinland-Pfalz","student","research","DH Student bei DB Cargo",3.4,"2021-06-29T00:00:00+00:00","","","","","","","","","","","","","","","",""
"deutschebahn","student","Frankfurt am Main, Hessen","student","other","Die Erwartungen von Pratikumerfahrung ist nicht erfüllt",3.8,"2019-08-27T00:00:00+00:00","","","","","","","","","","","","","","","",""
"deutschebahn","student","Hanau am Main, Hessen","student","other","Alles einwandfrei, kompetent, hilfreich, freundlich, gutes Klima, interessantes Gehalt, Netzkarte, Studentenbonus, Zusch",5,"2019-06-26T00:00:00+00:00","","","","","","","","","","","","","","","",""
"deutschebahn","student","Berlin, Land Berlin","student","operations","Familienfreundliches Unternehmen",3.3,"2019-05-26T00:00:00+00:00","","","","","","","","","","","","","","","",""
"deutschebahn","student","Hannover, Niedersachsen","student","operations","Eher nicht zu empfehlen",2.6,"2019-01-29T00:00:00+00:00","","","","","","","","","","","","","","","",""
"deutschebahn","student","Berlin, Land Berlin","student","operations","Kein Arbeitgeber für die Zukunft",1,"2018-12-04T00:00:00+00:00","","","","","","","","","","","","","","","",""
"deutschebahn","student","Frankfurt am Main, Hessen","student","product","Super Balance zwischen Studium und Arbeit",4.1,"2018-10-31T00:00:00+00:00","","","","","","","","","","","","","","","",""
"deutschebahn","student","Frankfurt am Main, Hessen","student","management","Sehr gut: 4.46 von 5 Sternen",4.5,"2018-10-04T00:00:00+00:00","","","","","","","","","","","","","","","",""
"deutschebahn","student","Frankfurt am Main, Hessen","student","controlling","Gut: 3.85 von 5 Sternen",3.8,"2018-09-10T00:00:00+00:00","","","","","","","","","","","","","","","",""
"deutschebahn","student","Nürnberg, Bayern","student","recruiting","Gut: 3.85 von 5 Sternen",3.8,"2018-08-31T00:00:00+00:00","","","","","","","","","","","","","","","",""
"deutschebahn","student","München, Bayern","student","legal","Sehr gut: 4.46 von 5 Sternen",4.5,"2018-08-30T00:00:00+00:00","","","","","","","","","","","","","","","",""
"deutschebahn","student","Frankfurt am Main, Hessen","student","legal","Sehr gut: 4.23 von 5 Sternen",4.2,"2018-08-30T00:00:00+00:00","","","","","","","","","","","","","","","",""
"deutschebahn","student","München, Bayern","student","recruiting","Gut: 3.69 von 5 Sternen",3.7,"2018-08-29T00:00:00+00:00","","","","","","","","","","","","","","","",""
"deutschebahn","student","Karlsruhe, Baden-Württemberg","student","sales","Sehr gut: 4.54 von 5 Sternen",4.5,"2018-08-29T00:00:00+00:00","","","","","","","","","","","","","","","",""
"deutschebahn","student","Karlsruhe, Baden-Württemberg","student","controlling","Gut: 3.92 von 5 Sternen",3.9,"2018-08-29T00:00:00+00:00","","","","","","","","","","","","","","","",""
"deutschebahn","student","Berlin, Land Berlin","student","controlling","Sehr gut: 4.23 von 5 Sternen",4.2,"2018-08-29T00:00:00+00:00","","","","","","","","","","","","","","","",""
"deutschebahn","student","Frankfurt am Main, Hessen","student","controlling","Sehr gut: 4.62 von 5 Sternen",4.6,"2018-08-15T00:00:00+00:00","","","","","","","","","","","","","","","",""
"deutschebahn","student","Berlin, Land Berlin","student","it","Alles top!",4.7,"2018-08-09T00:00:00+00:00","","","","","","","","","","","","","","","",""
"deutschebahn","student","Frankfurt am Main, Hessen","student","it","Gut: 3.92 von 5 Sternen",3.9,"2018-07-30T00:00:00+00:00","","","","","","","","","","","","","","","",""
"deutschebahn","student","Frankfurt am Main, Hessen","student","it","Befriedigend: 2.69 von 5 Sternen",2.7,"2018-07-25T00:00:00+00:00","","","","","","","","","","","","","","","",""
"deutschebahn","student","Frankfurt am Main, Hessen","student","recruiting","Gut: 3.92 von 5 Sternen",3.9,"2018-07-23T00:00:00+00:00","","","","","","","","","","","","","","","",""
"deutschebahn","student","Frankfurt am Main, Hessen","student","it","Sehr gut: 4.15 von 5 Sternen",4.2,"2018-07-20T00:00:00+00:00","","","","","","","","","","","","","","","",""
"deutschebahn","student","Frankfurt am Main, Hessen","student","product","Befriedigend: 2.31 von 5 Sternen",2.3,"2018-07-18T00:00:00+00:00","","","","","","","","","","","","","","","",""
"deutschebahn","student","Frankfurt am Main, Hessen","student","it","Sehr gut: 4.38 von 5 Sternen",4.4,"2018-07-18T00:00:00+00:00","","","","","","","","","","","","","","","",""
"deutschebahn","student","Frankfurt am Main, Hessen","student","product","Sehr gut: 4.69 von 5 Sternen",4.7,"2018-07-18T00:00:00+00:00","","","","","","","","","","","","","","","",""
"deutschebahn","student","Frankfurt am Main, Hessen","student","it","Sehr gut: 4.54 von 5 Sternen",4.5,"2018-07-18T00:00:00+00:00","","","","","","","","","","","","","","","",""
"deutschebahn","student","Frankfurt am Main, Hessen","student","controlling","Gut: 3.08 von 5 Sternen",3.1,"2018-07-17T00:00:00+00:00","","","","","","","","","","","","","","","",""
"deutschebahn","student","Frankfurt am Main, Hessen","student","it","Sehr gut: 4.46 von 5 Sternen",4.5,"2018-07-17T00:00:00+00:00","","","","","","","","","","","","","","","",""
"deutschebahn","student","Frankfurt am Main, Hessen","student","research","Sehr gut: 4 von 5 Sternen",4,"2018-07-16T00:00:00+00:00","","","","","","","","","","","","","","","",""
"deutschebahn","student","Frankfurt am Main, Hessen","student","sales","Befriedigend: 2.15 von 5 Sternen",2.2,"2018-07-12T00:00:00+00:00","","","","","","","","","","","","","","","",""
"deutschebahn","student","Köln, Nordrhein-Westfalen","student","sales","Sehr gut: 4 von 5 Sternen",4,"2018-07-08T00:00:00+00:00","","","","","","","","","","","","","","","",""
"deutschebahn","student","Berlin, Land Berlin","student","other","Gut: 3.85 von 5 Sternen",3.8,"2018-07-05T00:00:00+00:00","","","","","","","","","","","","","","","",""
"deutschebahn","student","Berlin, Land Berlin","student","recruiting","Top-mit paar Baustellen",3.5,"2018-06-15T00:00:00+00:00","","","","","","","","","","","","","","","",""
"deutschebahn","student","Frankfurt am Main, Hessen","student","administration","Super Arbeitsklima!",4,"2018-06-14T00:00:00+00:00","","","","","","","","","","","","","","","",""
"deutschebahn","student","Hannover, Niedersachsen","student","other","Tolles Bewerbungsverfahren",3.9,"2016-11-10T00:00:00+00:00","","","","","","","","","","","","","","","",""
"deutschebahn","student","Frankfurt am Main, Hessen","student","it","Super familienfreundlicher Arbeitgeber, zu sehr fairen Konditionen",3.5,"2016-09-20T00:00:00+00:00","","","","","","","","","","","","","","","",""
"deutschebahn","student","Frankfurt am Main, Brandenburg","student","it","Praktikant sowie Werkstudent",4.4,"2014-04-12T00:00:00+00:00","","","","","","","","","","","","","","","",""
"deutschebahn","student","Berlin, Land Berlin","student","management","Verschwendung von Lebenszeit",1,"2014-03-15T00:00:00+00:00","","","","","","","","","","","","","","","",""